<?xml version="1.0" encoding="UTF-8" standalone="yes"?>
<addon id="plugin.video.eddiewizard1.0" name="Eddie Wizard" version="1.0" provider-name="Ehw-ict.nl">
  <requires>
    <import addon="xbmc.python" version="2.1.0"/>
  </requires>
  <extension point="xbmc.python.pluginsource" library="default.py">
        <provides>video executable</provides>
  </extension>
  <extension point="xbmc.addon.metadata">
		<summary lang="en">Eddie's Wizard</summary>
		<description lang="en">Hiermee wordt uw Raspberry pi geinstalleerd</description>
		<disclaimer lang="en">Zowel voor Nederlands als Grieks</disclaimer>
		<forum>http://www.ehw-ict.nl/</forum>
		<source>http://www.ehw-ict.nl</source>
		<website>http://www.ehw-ict.nl</website>
		<platform>all</platform>
	</extension>
</addon>
